{
  "image_width": 640,
  "image_height": 480,
  "fx": 642.775061721909,
  "fy": 638.8012479440496,
  "cx": 324.83373896342556,
  "cy": 233.88475011551796,
  "dist_coeffs": [
    0.24022566771464401,
    -1.31837451850611,
    -7.634007463571257e-06,
    -0.004955214880218017,
    2.0594079682615574
  ],
  "user_index_bone_m": 0.0856
}